period,plantCode,plantName,fuel2002,fuelTypeDescription,state,stateDescription,primeMover,total-consumption,total-consumption-units,total-consumption-btu,generation,gross-generation,consumption-for-eg,consumption-for-eg-units,consumption-for-eg-btu,average-heat-content,average-heat-content-units,total-consumption-btu-units,generation-units,gross-generation-units,consumption-for-eg-btu-units,X,Y,FID,OBJECTID,Plant_Code,Plant_Name,Utility_ID,Utility_Na,sector_nam,Street_Add,City,County,State,Zip,PrimSource,source_des,tech_desc,Install_MW,Total_MW,Bat_MW,Bio_MW,Coal_MW,Geo_MW,Hydro_MW,HydroPS_MW,NG_MW,Nuclear_MW,Crude_MW,Solar_MW,Wind_MW,Other_MW,Source,Period,Longitude,Latitude
2022-07,57804,Middlebury College,NG,Natural Gas,VT,Vermont,ALL,1114,MMBtu per Mcf,1114,4.82,4.97,22,Mcf,22,1,MMBtu per Mcf,MMBtu,megawatthours,megawatthours,MMBtu,-73.1769439999999,44.0075000000001,4913,16810,57804,Middlebury College,57123,Middlebury College Biomass,Commercial CHP,84 South Service Road,Middlebury,Addison,Vermont,5753,biomass,Biomass = 0.7 MW,Wood/Wood Waste Biomass,1.4,0.7,0.0,0.7,0.0,0.0,0.0,0.0,0.0,0.0,0.0,0.0,0.0,0.0,"EIA-860, EIA-860M and EIA-923",202305,-73.176944,44.0075
2022-09,57804,Middlebury College,NG,Natural Gas,VT,Vermont,ALL,3147,MMBtu per Mcf,3147,23.44,24.16,108,Mcf,108,1,MMBtu per Mcf,MMBtu,megawatthours,megawatthours,MMBtu,-73.1769439999999,44.0075000000001,4913,16810,57804,Middlebury College,57123,Middlebury College Biomass,Commercial CHP,84 South Service Road,Middlebury,Addison,Vermont,5753,biomass,Biomass = 0.7 MW,Wood/Wood Waste Biomass,1.4,0.7,0.0,0.7,0.0,0.0,0.0,0.0,0.0,0.0,0.0,0.0,0.0,0.0,"EIA-860, EIA-860M and EIA-923",202305,-73.176944,44.0075
2022-03,57804,Middlebury College,NG,Natural Gas,VT,Vermont,ALL,4202,MMBtu per Mcf,4202,50.9,52.47,236,Mcf,236,1,MMBtu per Mcf,MMBtu,megawatthours,megawatthours,MMBtu,-73.1769439999999,44.0075000000001,4913,16810,57804,Middlebury College,57123,Middlebury College Biomass,Commercial CHP,84 South Service Road,Middlebury,Addison,Vermont,5753,biomass,Biomass = 0.7 MW,Wood/Wood Waste Biomass,1.4,0.7,0.0,0.7,0.0,0.0,0.0,0.0,0.0,0.0,0.0,0.0,0.0,0.0,"EIA-860, EIA-860M and EIA-923",202305,-73.176944,44.0075
2022-06,57804,Middlebury College,NG,Natural Gas,VT,Vermont,ALL,106,MMBtu per Mcf,106,.65,.67,3,Mcf,3,1,MMBtu per Mcf,MMBtu,megawatthours,megawatthours,MMBtu,-73.1769439999999,44.0075000000001,4913,16810,57804,Middlebury College,57123,Middlebury College Biomass,Commercial CHP,84 South Service Road,Middlebury,Addison,Vermont,5753,biomass,Biomass = 0.7 MW,Wood/Wood Waste Biomass,1.4,0.7,0.0,0.7,0.0,0.0,0.0,0.0,0.0,0.0,0.0,0.0,0.0,0.0,"EIA-860, EIA-860M and EIA-923",202305,-73.176944,44.0075
2020-11,57804,Middlebury College,NG,Natural Gas,VT,Vermont,ALL,11086,MMBtu per Mcf,11086,155.11,159.91,718,Mcf,718,1,MMBtu per Mcf,MMBtu,megawatthours,megawatthours,MMBtu,-73.1769439999999,44.0075000000001,4913,16810,57804,Middlebury College,57123,Middlebury College Biomass,Commercial CHP,84 South Service Road,Middlebury,Addison,Vermont,5753,biomass,Biomass = 0.7 MW,Wood/Wood Waste Biomass,1.4,0.7,0.0,0.7,0.0,0.0,0.0,0.0,0.0,0.0,0.0,0.0,0.0,0.0,"EIA-860, EIA-860M and EIA-923",202305,-73.176944,44.0075
2022-10,57804,Middlebury College,NG,Natural Gas,VT,Vermont,ALL,1253,MMBtu per Mcf,1253,12.25,12.63,57,Mcf,57,1,MMBtu per Mcf,MMBtu,megawatthours,megawatthours,MMBtu,-73.1769439999999,44.0075000000001,4913,16810,57804,Middlebury College,57123,Middlebury College Biomass,Commercial CHP,84 South Service Road,Middlebury,Addison,Vermont,5753,biomass,Biomass = 0.7 MW,Wood/Wood Waste Biomass,1.4,0.7,0.0,0.7,0.0,0.0,0.0,0.0,0.0,0.0,0.0,0.0,0.0,0.0,"EIA-860, EIA-860M and EIA-923",202305,-73.176944,44.0075
2019-09,57804,Middlebury College,NG,Natural Gas,VT,Vermont,ALL,320,MMBtu per Mcf,320,4.39,4.52,20,Mcf,20,1,MMBtu per Mcf,MMBtu,megawatthours,megawatthours,MMBtu,-73.1769439999999,44.0075000000001,4913,16810,57804,Middlebury College,57123,Middlebury College Biomass,Commercial CHP,84 South Service Road,Middlebury,Addison,Vermont,5753,biomass,Biomass = 0.7 MW,Wood/Wood Waste Biomass,1.4,0.7,0.0,0.7,0.0,0.0,0.0,0.0,0.0,0.0,0.0,0.0,0.0,0.0,"EIA-860, EIA-860M and EIA-923",202305,-73.176944,44.0075
2023-02,57804,Middlebury College,NG,Natural Gas,VT,Vermont,ALL,11175,MMBtu per Mcf,11175,131.38,135.44,608,Mcf,608,1,MMBtu per Mcf,MMBtu,megawatthours,megawatthours,MMBtu,-73.1769439999999,44.0075000000001,4913,16810,57804,Middlebury College,57123,Middlebury College Biomass,Commercial CHP,84 South Service Road,Middlebury,Addison,Vermont,5753,biomass,Biomass = 0.7 MW,Wood/Wood Waste Biomass,1.4,0.7,0.0,0.7,0.0,0.0,0.0,0.0,0.0,0.0,0.0,0.0,0.0,0.0,"EIA-860, EIA-860M and EIA-923",202305,-73.176944,44.0075
2021-12,57804,Middlebury College,NG,Natural Gas,VT,Vermont,ALL,16091,MMBtu per Mcf,16091,226.94,233.96,1050,Mcf,1050,1,MMBtu per Mcf,MMBtu,megawatthours,megawatthours,MMBtu,-73.1769439999999,44.0075000000001,4913,16810,57804,Middlebury College,57123,Middlebury College Biomass,Commercial CHP,84 South Service Road,Middlebury,Addison,Vermont,5753,biomass,Biomass = 0.7 MW,Wood/Wood Waste Biomass,1.4,0.7,0.0,0.7,0.0,0.0,0.0,0.0,0.0,0.0,0.0,0.0,0.0,0.0,"EIA-860, EIA-860M and EIA-923",202305,-73.176944,44.0075
2023-08,57804,Middlebury College,NG,Natural Gas,VT,Vermont,ALL,12270,MMBtu per Mcf,12270,81.38,83.9,377,Mcf,377,1,MMBtu per Mcf,MMBtu,megawatthours,megawatthours,MMBtu,-73.1769439999999,44.0075000000001,4913,16810,57804,Middlebury College,57123,Middlebury College Biomass,Commercial CHP,84 South Service Road,Middlebury,Addison,Vermont,5753,biomass,Biomass = 0.7 MW,Wood/Wood Waste Biomass,1.4,0.7,0.0,0.7,0.0,0.0,0.0,0.0,0.0,0.0,0.0,0.0,0.0,0.0,"EIA-860, EIA-860M and EIA-923",202305,-73.176944,44.0075
2020-08,57804,Middlebury College,NG,Natural Gas,VT,Vermont,ALL,13356,MMBtu per Mcf,13356,155.2,160,718,Mcf,718,1,MMBtu per Mcf,MMBtu,megawatthours,megawatthours,MMBtu,-73.1769439999999,44.0075000000001,4913,16810,57804,Middlebury College,57123,Middlebury College Biomass,Commercial CHP,84 South Service Road,Middlebury,Addison,Vermont,5753,biomass,Biomass = 0.7 MW,Wood/Wood Waste Biomass,1.4,0.7,0.0,0.7,0.0,0.0,0.0,0.0,0.0,0.0,0.0,0.0,0.0,0.0,"EIA-860, EIA-860M and EIA-923",202305,-73.176944,44.0075
2021-09,57804,Middlebury College,NG,Natural Gas,VT,Vermont,ALL,388,MMBtu per Mcf,388,5.04,5.19,23,Mcf,23,1,MMBtu per Mcf,MMBtu,megawatthours,megawatthours,MMBtu,-73.1769439999999,44.0075000000001,4913,16810,57804,Middlebury College,57123,Middlebury College Biomass,Commercial CHP,84 South Service Road,Middlebury,Addison,Vermont,5753,biomass,Biomass = 0.7 MW,Wood/Wood Waste Biomass,1.4,0.7,0.0,0.7,0.0,0.0,0.0,0.0,0.0,0.0,0.0,0.0,0.0,0.0,"EIA-860, EIA-860M and EIA-923",202305,-73.176944,44.0075
2020-06,57804,Middlebury College,NG,Natural Gas,VT,Vermont,ALL,14469,MMBtu per Mcf,14469,161.99,167,750,Mcf,750,1,MMBtu per Mcf,MMBtu,megawatthours,megawatthours,MMBtu,-73.1769439999999,44.0075000000001,4913,16810,57804,Middlebury College,57123,Middlebury College Biomass,Commercial CHP,84 South Service Road,Middlebury,Addison,Vermont,5753,biomass,Biomass = 0.7 MW,Wood/Wood Waste Biomass,1.4,0.7,0.0,0.7,0.0,0.0,0.0,0.0,0.0,0.0,0.0,0.0,0.0,0.0,"EIA-860, EIA-860M and EIA-923",202305,-73.176944,44.0075
2019-10,57804,Middlebury College,NG,Natural Gas,VT,Vermont,ALL,3851,MMBtu per Mcf,3851,49.33,50.86,228,Mcf,228,1,MMBtu per Mcf,MMBtu,megawatthours,megawatthours,MMBtu,-73.1769439999999,44.0075000000001,4913,16810,57804,Middlebury College,57123,Middlebury College Biomass,Commercial CHP,84 South Service Road,Middlebury,Addison,Vermont,5753,biomass,Biomass = 0.7 MW,Wood/Wood Waste Biomass,1.4,0.7,0.0,0.7,0.0,0.0,0.0,0.0,0.0,0.0,0.0,0.0,0.0,0.0,"EIA-860, EIA-860M and EIA-923",202305,-73.176944,44.0075
2019-01,57804,Middlebury College,NG,Natural Gas,VT,Vermont,ALL,17725,MMBtu per Mcf,17725,205.56,211.92,951,Mcf,951,1,MMBtu per Mcf,MMBtu,megawatthours,megawatthours,MMBtu,-73.1769439999999,44.0075000000001,4913,16810,57804,Middlebury College,57123,Middlebury College Biomass,Commercial CHP,84 South Service Road,Middlebury,Addison,Vermont,5753,biomass,Biomass = 0.7 MW,Wood/Wood Waste Biomass,1.4,0.7,0.0,0.7,0.0,0.0,0.0,0.0,0.0,0.0,0.0,0.0,0.0,0.0,"EIA-860, EIA-860M and EIA-923",202305,-73.176944,44.0075
2019-04,57804,Middlebury College,NG,Natural Gas,VT,Vermont,ALL,12036,MMBtu per Mcf,12036,177.84,183.34,823,Mcf,823,1,MMBtu per Mcf,MMBtu,megawatthours,megawatthours,MMBtu,-73.1769439999999,44.0075000000001,4913,16810,57804,Middlebury College,57123,Middlebury College Biomass,Commercial CHP,84 South Service Road,Middlebury,Addison,Vermont,5753,biomass,Biomass = 0.7 MW,Wood/Wood Waste Biomass,1.4,0.7,0.0,0.7,0.0,0.0,0.0,0.0,0.0,0.0,0.0,0.0,0.0,0.0,"EIA-860, EIA-860M and EIA-923",202305,-73.176944,44.0075
2020-12,57804,Middlebury College,NG,Natural Gas,VT,Vermont,ALL,2530,MMBtu per Mcf,2530,34.27,35.33,159,Mcf,159,1,MMBtu per Mcf,MMBtu,megawatthours,megawatthours,MMBtu,-73.1769439999999,44.0075000000001,4913,16810,57804,Middlebury College,57123,Middlebury College Biomass,Commercial CHP,84 South Service Road,Middlebury,Addison,Vermont,5753,biomass,Biomass = 0.7 MW,Wood/Wood Waste Biomass,1.4,0.7,0.0,0.7,0.0,0.0,0.0,0.0,0.0,0.0,0.0,0.0,0.0,0.0,"EIA-860, EIA-860M and EIA-923",202305,-73.176944,44.0075
2022-05,57804,Middlebury College,NG,Natural Gas,VT,Vermont,ALL,11508,MMBtu per Mcf,11508,135.14,139.32,625,Mcf,625,1,MMBtu per Mcf,MMBtu,megawatthours,megawatthours,MMBtu,-73.1769439999999,44.0075000000001,4913,16810,57804,Middlebury College,57123,Middlebury College Biomass,Commercial CHP,84 South Service Road,Middlebury,Addison,Vermont,5753,biomass,Biomass = 0.7 MW,Wood/Wood Waste Biomass,1.4,0.7,0.0,0.7,0.0,0.0,0.0,0.0,0.0,0.0,0.0,0.0,0.0,0.0,"EIA-860, EIA-860M and EIA-923",202305,-73.176944,44.0075
2021-08,57804,Middlebury College,NG,Natural Gas,VT,Vermont,ALL,10662,MMBtu per Mcf,10662,142.28,146.68,658,Mcf,658,1,MMBtu per Mcf,MMBtu,megawatthours,megawatthours,MMBtu,-73.1769439999999,44.0075000000001,4913,16810,57804,Middlebury College,57123,Middlebury College Biomass,Commercial CHP,84 South Service Road,Middlebury,Addison,Vermont,5753,biomass,Biomass = 0.7 MW,Wood/Wood Waste Biomass,1.4,0.7,0.0,0.7,0.0,0.0,0.0,0.0,0.0,0.0,0.0,0.0,0.0,0.0,"EIA-860, EIA-860M and EIA-923",202305,-73.176944,44.0075
2020-05,57804,Middlebury College,NG,Natural Gas,VT,Vermont,ALL,7199,MMBtu per Mcf,7199,64.69,66.69,299,Mcf,299,1,MMBtu per Mcf,MMBtu,megawatthours,megawatthours,MMBtu,-73.1769439999999,44.0075000000001,4913,16810,57804,Middlebury College,57123,Middlebury College Biomass,Commercial CHP,84 South Service Road,Middlebury,Addison,Vermont,5753,biomass,Biomass = 0.7 MW,Wood/Wood Waste Biomass,1.4,0.7,0.0,0.7,0.0,0.0,0.0,0.0,0.0,0.0,0.0,0.0,0.0,0.0,"EIA-860, EIA-860M and EIA-923",202305,-73.176944,44.0075
2021-11,57804,Middlebury College,NG,Natural Gas,VT,Vermont,ALL,21551,MMBtu per Mcf,21551,306.52,316,1419,Mcf,1419,1,MMBtu per Mcf,MMBtu,megawatthours,megawatthours,MMBtu,-73.1769439999999,44.0075000000001,4913,16810,57804,Middlebury College,57123,Middlebury College Biomass,Commercial CHP,84 South Service Road,Middlebury,Addison,Vermont,5753,biomass,Biomass = 0.7 MW,Wood/Wood Waste Biomass,1.4,0.7,0.0,0.7,0.0,0.0,0.0,0.0,0.0,0.0,0.0,0.0,0.0,0.0,"EIA-860, EIA-860M and EIA-923",202305,-73.176944,44.0075
2023-06,57804,Middlebury College,NG,Natural Gas,VT,Vermont,ALL,1042,MMBtu per Mcf,1042,7.59,7.82,35,Mcf,35,1,MMBtu per Mcf,MMBtu,megawatthours,megawatthours,MMBtu,-73.1769439999999,44.0075000000001,4913,16810,57804,Middlebury College,57123,Middlebury College Biomass,Commercial CHP,84 South Service Road,Middlebury,Addison,Vermont,5753,biomass,Biomass = 0.7 MW,Wood/Wood Waste Biomass,1.4,0.7,0.0,0.7,0.0,0.0,0.0,0.0,0.0,0.0,0.0,0.0,0.0,0.0,"EIA-860, EIA-860M and EIA-923",202305,-73.176944,44.0075
2022-02,57804,Middlebury College,NG,Natural Gas,VT,Vermont,ALL,20283,MMBtu per Mcf,20283,240.31,247.74,1112,Mcf,1112,1,MMBtu per Mcf,MMBtu,megawatthours,megawatthours,MMBtu,-73.1769439999999,44.0075000000001,4913,16810,57804,Middlebury College,57123,Middlebury College Biomass,Commercial CHP,84 South Service Road,Middlebury,Addison,Vermont,5753,biomass,Biomass = 0.7 MW,Wood/Wood Waste Biomass,1.4,0.7,0.0,0.7,0.0,0.0,0.0,0.0,0.0,0.0,0.0,0.0,0.0,0.0,"EIA-860, EIA-860M and EIA-923",202305,-73.176944,44.0075
2021-02,57804,Middlebury College,NG,Natural Gas,VT,Vermont,ALL,5008,MMBtu per Mcf,5008,64.95,66.96,301,Mcf,301,1,MMBtu per Mcf,MMBtu,megawatthours,megawatthours,MMBtu,-73.1769439999999,44.0075000000001,4913,16810,57804,Middlebury College,57123,Middlebury College Biomass,Commercial CHP,84 South Service Road,Middlebury,Addison,Vermont,5753,biomass,Biomass = 0.7 MW,Wood/Wood Waste Biomass,1.4,0.7,0.0,0.7,0.0,0.0,0.0,0.0,0.0,0.0,0.0,0.0,0.0,0.0,"EIA-860, EIA-860M and EIA-923",202305,-73.176944,44.0075
2020-01,57804,Middlebury College,NG,Natural Gas,VT,Vermont,ALL,6644,MMBtu per Mcf,6644,98.38,101.42,455,Mcf,455,1,MMBtu per Mcf,MMBtu,megawatthours,megawatthours,MMBtu,-73.1769439999999,44.0075000000001,4913,16810,57804,Middlebury College,57123,Middlebury College Biomass,Commercial CHP,84 South Service Road,Middlebury,Addison,Vermont,5753,biomass,Biomass = 0.7 MW,Wood/Wood Waste Biomass,1.4,0.7,0.0,0.7,0.0,0.0,0.0,0.0,0.0,0.0,0.0,0.0,0.0,0.0,"EIA-860, EIA-860M and EIA-923",202305,-73.176944,44.0075
2020-10,57804,Middlebury College,NG,Natural Gas,VT,Vermont,ALL,748,MMBtu per Mcf,748,11.33,11.68,52,Mcf,52,1,MMBtu per Mcf,MMBtu,megawatthours,megawatthours,MMBtu,-73.1769439999999,44.0075000000001,4913,16810,57804,Middlebury College,57123,Middlebury College Biomass,Commercial CHP,84 South Service Road,Middlebury,Addison,Vermont,5753,biomass,Biomass = 0.7 MW,Wood/Wood Waste Biomass,1.4,0.7,0.0,0.7,0.0,0.0,0.0,0.0,0.0,0.0,0.0,0.0,0.0,0.0,"EIA-860, EIA-860M and EIA-923",202305,-73.176944,44.0075
2022-08,57804,Middlebury College,NG,Natural Gas,VT,Vermont,ALL,14072,MMBtu per Mcf,14072,110.08,113.48,509,Mcf,509,1,MMBtu per Mcf,MMBtu,megawatthours,megawatthours,MMBtu,-73.1769439999999,44.0075000000001,4913,16810,57804,Middlebury College,57123,Middlebury College Biomass,Commercial CHP,84 South Service Road,Middlebury,Addison,Vermont,5753,biomass,Biomass = 0.7 MW,Wood/Wood Waste Biomass,1.4,0.7,0.0,0.7,0.0,0.0,0.0,0.0,0.0,0.0,0.0,0.0,0.0,0.0,"EIA-860, EIA-860M and EIA-923",202305,-73.176944,44.0075
2023-09,57804,Middlebury College,NG,Natural Gas,VT,Vermont,ALL,575,MMBtu per Mcf,575,5.01,5.17,23,Mcf,23,1,MMBtu per Mcf,MMBtu,megawatthours,megawatthours,MMBtu,-73.1769439999999,44.0075000000001,4913,16810,57804,Middlebury College,57123,Middlebury College Biomass,Commercial CHP,84 South Service Road,Middlebury,Addison,Vermont,5753,biomass,Biomass = 0.7 MW,Wood/Wood Waste Biomass,1.4,0.7,0.0,0.7,0.0,0.0,0.0,0.0,0.0,0.0,0.0,0.0,0.0,0.0,"EIA-860, EIA-860M and EIA-923",202305,-73.176944,44.0075
2021-05,57804,Middlebury College,NG,Natural Gas,VT,Vermont,ALL,665,MMBtu per Mcf,665,8.45,8.71,39,Mcf,39,1,MMBtu per Mcf,MMBtu,megawatthours,megawatthours,MMBtu,-73.1769439999999,44.0075000000001,4913,16810,57804,Middlebury College,57123,Middlebury College Biomass,Commercial CHP,84 South Service Road,Middlebury,Addison,Vermont,5753,biomass,Biomass = 0.7 MW,Wood/Wood Waste Biomass,1.4,0.7,0.0,0.7,0.0,0.0,0.0,0.0,0.0,0.0,0.0,0.0,0.0,0.0,"EIA-860, EIA-860M and EIA-923",202305,-73.176944,44.0075
2020-09,57804,Middlebury College,NG,Natural Gas,VT,Vermont,ALL,7814,MMBtu per Mcf,7814,105.87,109.14,490,Mcf,490,1,MMBtu per Mcf,MMBtu,megawatthours,megawatthours,MMBtu,-73.1769439999999,44.0075000000001,4913,16810,57804,Middlebury College,57123,Middlebury College Biomass,Commercial CHP,84 South Service Road,Middlebury,Addison,Vermont,5753,biomass,Biomass = 0.7 MW,Wood/Wood Waste Biomass,1.4,0.7,0.0,0.7,0.0,0.0,0.0,0.0,0.0,0.0,0.0,0.0,0.0,0.0,"EIA-860, EIA-860M and EIA-923",202305,-73.176944,44.0075
2020-07,57804,Middlebury College,NG,Natural Gas,VT,Vermont,ALL,10864,MMBtu per Mcf,10864,100.23,103.33,464,Mcf,464,1,MMBtu per Mcf,MMBtu,megawatthours,megawatthours,MMBtu,-73.1769439999999,44.0075000000001,4913,16810,57804,Middlebury College,57123,Middlebury College Biomass,Commercial CHP,84 South Service Road,Middlebury,Addison,Vermont,5753,biomass,Biomass = 0.7 MW,Wood/Wood Waste Biomass,1.4,0.7,0.0,0.7,0.0,0.0,0.0,0.0,0.0,0.0,0.0,0.0,0.0,0.0,"EIA-860, EIA-860M and EIA-923",202305,-73.176944,44.0075
2019-06,57804,Middlebury College,NG,Natural Gas,VT,Vermont,ALL,228,MMBtu per Mcf,228,3.05,3.14,14,Mcf,14,1,MMBtu per Mcf,MMBtu,megawatthours,megawatthours,MMBtu,-73.1769439999999,44.0075000000001,4913,16810,57804,Middlebury College,57123,Middlebury College Biomass,Commercial CHP,84 South Service Road,Middlebury,Addison,Vermont,5753,biomass,Biomass = 0.7 MW,Wood/Wood Waste Biomass,1.4,0.7,0.0,0.7,0.0,0.0,0.0,0.0,0.0,0.0,0.0,0.0,0.0,0.0,"EIA-860, EIA-860M and EIA-923",202305,-73.176944,44.0075
2023-01,57804,Middlebury College,NG,Natural Gas,VT,Vermont,ALL,11441,MMBtu per Mcf,11441,127.3,131.24,589,Mcf,589,1,MMBtu per Mcf,MMBtu,megawatthours,megawatthours,MMBtu,-73.1769439999999,44.0075000000001,4913,16810,57804,Middlebury College,57123,Middlebury College Biomass,Commercial CHP,84 South Service Road,Middlebury,Addison,Vermont,5753,biomass,Biomass = 0.7 MW,Wood/Wood Waste Biomass,1.4,0.7,0.0,0.7,0.0,0.0,0.0,0.0,0.0,0.0,0.0,0.0,0.0,0.0,"EIA-860, EIA-860M and EIA-923",202305,-73.176944,44.0075
2019-05,57804,Middlebury College,NG,Natural Gas,VT,Vermont,ALL,460,MMBtu per Mcf,460,5.95,6.14,28,Mcf,28,1,MMBtu per Mcf,MMBtu,megawatthours,megawatthours,MMBtu,-73.1769439999999,44.0075000000001,4913,16810,57804,Middlebury College,57123,Middlebury College Biomass,Commercial CHP,84 South Service Road,Middlebury,Addison,Vermont,5753,biomass,Biomass = 0.7 MW,Wood/Wood Waste Biomass,1.4,0.7,0.0,0.7,0.0,0.0,0.0,0.0,0.0,0.0,0.0,0.0,0.0,0.0,"EIA-860, EIA-860M and EIA-923",202305,-73.176944,44.0075
2022-04,57804,Middlebury College,NG,Natural Gas,VT,Vermont,ALL,3859,MMBtu per Mcf,3859,55.07,56.77,255,Mcf,255,1,MMBtu per Mcf,MMBtu,megawatthours,megawatthours,MMBtu,-73.1769439999999,44.0075000000001,4913,16810,57804,Middlebury College,57123,Middlebury College Biomass,Commercial CHP,84 South Service Road,Middlebury,Addison,Vermont,5753,biomass,Biomass = 0.7 MW,Wood/Wood Waste Biomass,1.4,0.7,0.0,0.7,0.0,0.0,0.0,0.0,0.0,0.0,0.0,0.0,0.0,0.0,"EIA-860, EIA-860M and EIA-923",202305,-73.176944,44.0075
2019-11,57804,Middlebury College,NG,Natural Gas,VT,Vermont,ALL,4440,MMBtu per Mcf,4440,60.75,62.63,281,Mcf,281,1,MMBtu per Mcf,MMBtu,megawatthours,megawatthours,MMBtu,-73.1769439999999,44.0075000000001,4913,16810,57804,Middlebury College,57123,Middlebury College Biomass,Commercial CHP,84 South Service Road,Middlebury,Addison,Vermont,5753,biomass,Biomass = 0.7 MW,Wood/Wood Waste Biomass,1.4,0.7,0.0,0.7,0.0,0.0,0.0,0.0,0.0,0.0,0.0,0.0,0.0,0.0,"EIA-860, EIA-860M and EIA-923",202305,-73.176944,44.0075
2021-06,57804,Middlebury College,NG,Natural Gas,VT,Vermont,ALL,6300,MMBtu per Mcf,6300,78.11,80.53,362,Mcf,362,1,MMBtu per Mcf,MMBtu,megawatthours,megawatthours,MMBtu,-73.1769439999999,44.0075000000001,4913,16810,57804,Middlebury College,57123,Middlebury College Biomass,Commercial CHP,84 South Service Road,Middlebury,Addison,Vermont,5753,biomass,Biomass = 0.7 MW,Wood/Wood Waste Biomass,1.4,0.7,0.0,0.7,0.0,0.0,0.0,0.0,0.0,0.0,0.0,0.0,0.0,0.0,"EIA-860, EIA-860M and EIA-923",202305,-73.176944,44.0075
2023-07,57804,Middlebury College,NG,Natural Gas,VT,Vermont,ALL,17072,MMBtu per Mcf,17072,169.82,175.07,786,Mcf,786,1,MMBtu per Mcf,MMBtu,megawatthours,megawatthours,MMBtu,-73.1769439999999,44.0075000000001,4913,16810,57804,Middlebury College,57123,Middlebury College Biomass,Commercial CHP,84 South Service Road,Middlebury,Addison,Vermont,5753,biomass,Biomass = 0.7 MW,Wood/Wood Waste Biomass,1.4,0.7,0.0,0.7,0.0,0.0,0.0,0.0,0.0,0.0,0.0,0.0,0.0,0.0,"EIA-860, EIA-860M and EIA-923",202305,-73.176944,44.0075
2021-01,57804,Middlebury College,NG,Natural Gas,VT,Vermont,ALL,10975,MMBtu per Mcf,10975,147.01,151.55,680,Mcf,680,1,MMBtu per Mcf,MMBtu,megawatthours,megawatthours,MMBtu,-73.1769439999999,44.0075000000001,4913,16810,57804,Middlebury College,57123,Middlebury College Biomass,Commercial CHP,84 South Service Road,Middlebury,Addison,Vermont,5753,biomass,Biomass = 0.7 MW,Wood/Wood Waste Biomass,1.4,0.7,0.0,0.7,0.0,0.0,0.0,0.0,0.0,0.0,0.0,0.0,0.0,0.0,"EIA-860, EIA-860M and EIA-923",202305,-73.176944,44.0075
2023-11,57804,Middlebury College,NG,Natural Gas,VT,Vermont,ALL,4172,MMBtu per Mcf,4172,48.13,49.62,223,Mcf,223,1,MMBtu per Mcf,MMBtu,megawatthours,megawatthours,MMBtu,-73.1769439999999,44.0075000000001,4913,16810,57804,Middlebury College,57123,Middlebury College Biomass,Commercial CHP,84 South Service Road,Middlebury,Addison,Vermont,5753,biomass,Biomass = 0.7 MW,Wood/Wood Waste Biomass,1.4,0.7,0.0,0.7,0.0,0.0,0.0,0.0,0.0,0.0,0.0,0.0,0.0,0.0,"EIA-860, EIA-860M and EIA-923",202305,-73.176944,44.0075
2021-03,57804,Middlebury College,NG,Natural Gas,VT,Vermont,ALL,14766,MMBtu per Mcf,14766,195.9,201.96,907,Mcf,907,1,MMBtu per Mcf,MMBtu,megawatthours,megawatthours,MMBtu,-73.1769439999999,44.0075000000001,4913,16810,57804,Middlebury College,57123,Middlebury College Biomass,Commercial CHP,84 South Service Road,Middlebury,Addison,Vermont,5753,biomass,Biomass = 0.7 MW,Wood/Wood Waste Biomass,1.4,0.7,0.0,0.7,0.0,0.0,0.0,0.0,0.0,0.0,0.0,0.0,0.0,0.0,"EIA-860, EIA-860M and EIA-923",202305,-73.176944,44.0075
2021-07,57804,Middlebury College,NG,Natural Gas,VT,Vermont,ALL,18170,MMBtu per Mcf,18170,236.68,244,1095,Mcf,1095,1,MMBtu per Mcf,MMBtu,megawatthours,megawatthours,MMBtu,-73.1769439999999,44.0075000000001,4913,16810,57804,Middlebury College,57123,Middlebury College Biomass,Commercial CHP,84 South Service Road,Middlebury,Addison,Vermont,5753,biomass,Biomass = 0.7 MW,Wood/Wood Waste Biomass,1.4,0.7,0.0,0.7,0.0,0.0,0.0,0.0,0.0,0.0,0.0,0.0,0.0,0.0,"EIA-860, EIA-860M and EIA-923",202305,-73.176944,44.0075
2020-02,57804,Middlebury College,NG,Natural Gas,VT,Vermont,ALL,12620,MMBtu per Mcf,12620,154.37,159.14,714,Mcf,714,1,MMBtu per Mcf,MMBtu,megawatthours,megawatthours,MMBtu,-73.1769439999999,44.0075000000001,4913,16810,57804,Middlebury College,57123,Middlebury College Biomass,Commercial CHP,84 South Service Road,Middlebury,Addison,Vermont,5753,biomass,Biomass = 0.7 MW,Wood/Wood Waste Biomass,1.4,0.7,0.0,0.7,0.0,0.0,0.0,0.0,0.0,0.0,0.0,0.0,0.0,0.0,"EIA-860, EIA-860M and EIA-923",202305,-73.176944,44.0075
2022-11,57804,Middlebury College,NG,Natural Gas,VT,Vermont,ALL,6781,MMBtu per Mcf,6781,72.5,74.74,336,Mcf,336,1,MMBtu per Mcf,MMBtu,megawatthours,megawatthours,MMBtu,-73.1769439999999,44.0075000000001,4913,16810,57804,Middlebury College,57123,Middlebury College Biomass,Commercial CHP,84 South Service Road,Middlebury,Addison,Vermont,5753,biomass,Biomass = 0.7 MW,Wood/Wood Waste Biomass,1.4,0.7,0.0,0.7,0.0,0.0,0.0,0.0,0.0,0.0,0.0,0.0,0.0,0.0,"EIA-860, EIA-860M and EIA-923",202305,-73.176944,44.0075
2023-05,57804,Middlebury College,NG,Natural Gas,VT,Vermont,ALL,350,MMBtu per Mcf,350,3.2,3.3,15,Mcf,15,1,MMBtu per Mcf,MMBtu,megawatthours,megawatthours,MMBtu,-73.1769439999999,44.0075000000001,4913,16810,57804,Middlebury College,57123,Middlebury College Biomass,Commercial CHP,84 South Service Road,Middlebury,Addison,Vermont,5753,biomass,Biomass = 0.7 MW,Wood/Wood Waste Biomass,1.4,0.7,0.0,0.7,0.0,0.0,0.0,0.0,0.0,0.0,0.0,0.0,0.0,0.0,"EIA-860, EIA-860M and EIA-923",202305,-73.176944,44.0075
2019-02,57804,Middlebury College,NG,Natural Gas,VT,Vermont,ALL,11095,MMBtu per Mcf,11095,128.06,132.02,593,Mcf,593,1,MMBtu per Mcf,MMBtu,megawatthours,megawatthours,MMBtu,-73.1769439999999,44.0075000000001,4913,16810,57804,Middlebury College,57123,Middlebury College Biomass,Commercial CHP,84 South Service Road,Middlebury,Addison,Vermont,5753,biomass,Biomass = 0.7 MW,Wood/Wood Waste Biomass,1.4,0.7,0.0,0.7,0.0,0.0,0.0,0.0,0.0,0.0,0.0,0.0,0.0,0.0,"EIA-860, EIA-860M and EIA-923",202305,-73.176944,44.0075
2019-12,57804,Middlebury College,NG,Natural Gas,VT,Vermont,ALL,9218,MMBtu per Mcf,9218,123.17,126.98,570,Mcf,570,1,MMBtu per Mcf,MMBtu,megawatthours,megawatthours,MMBtu,-73.1769439999999,44.0075000000001,4913,16810,57804,Middlebury College,57123,Middlebury College Biomass,Commercial CHP,84 South Service Road,Middlebury,Addison,Vermont,5753,biomass,Biomass = 0.7 MW,Wood/Wood Waste Biomass,1.4,0.7,0.0,0.7,0.0,0.0,0.0,0.0,0.0,0.0,0.0,0.0,0.0,0.0,"EIA-860, EIA-860M and EIA-923",202305,-73.176944,44.0075
2020-04,57804,Middlebury College,NG,Natural Gas,VT,Vermont,ALL,28,MMBtu per Mcf,28,.31,.32,1,Mcf,1,1,MMBtu per Mcf,MMBtu,megawatthours,megawatthours,MMBtu,-73.1769439999999,44.0075000000001,4913,16810,57804,Middlebury College,57123,Middlebury College Biomass,Commercial CHP,84 South Service Road,Middlebury,Addison,Vermont,5753,biomass,Biomass = 0.7 MW,Wood/Wood Waste Biomass,1.4,0.7,0.0,0.7,0.0,0.0,0.0,0.0,0.0,0.0,0.0,0.0,0.0,0.0,"EIA-860, EIA-860M and EIA-923",202305,-73.176944,44.0075
2022-01,57804,Middlebury College,NG,Natural Gas,VT,Vermont,ALL,12385,MMBtu per Mcf,12385,129.57,133.58,600,Mcf,600,1,MMBtu per Mcf,MMBtu,megawatthours,megawatthours,MMBtu,-73.1769439999999,44.0075000000001,4913,16810,57804,Middlebury College,57123,Middlebury College Biomass,Commercial CHP,84 South Service Road,Middlebury,Addison,Vermont,5753,biomass,Biomass = 0.7 MW,Wood/Wood Waste Biomass,1.4,0.7,0.0,0.7,0.0,0.0,0.0,0.0,0.0,0.0,0.0,0.0,0.0,0.0,"EIA-860, EIA-860M and EIA-923",202305,-73.176944,44.0075
2023-10,57804,Middlebury College,NG,Natural Gas,VT,Vermont,ALL,485,MMBtu per Mcf,485,5.01,5.16,23,Mcf,23,1,MMBtu per Mcf,MMBtu,megawatthours,megawatthours,MMBtu,-73.1769439999999,44.0075000000001,4913,16810,57804,Middlebury College,57123,Middlebury College Biomass,Commercial CHP,84 South Service Road,Middlebury,Addison,Vermont,5753,biomass,Biomass = 0.7 MW,Wood/Wood Waste Biomass,1.4,0.7,0.0,0.7,0.0,0.0,0.0,0.0,0.0,0.0,0.0,0.0,0.0,0.0,"EIA-860, EIA-860M and EIA-923",202305,-73.176944,44.0075
2022-12,57804,Middlebury College,NG,Natural Gas,VT,Vermont,ALL,7755,MMBtu per Mcf,7755,84.97,87.6,393,Mcf,393,1,MMBtu per Mcf,MMBtu,megawatthours,megawatthours,MMBtu,-73.1769439999999,44.0075000000001,4913,16810,57804,Middlebury College,57123,Middlebury College Biomass,Commercial CHP,84 South Service Road,Middlebury,Addison,Vermont,5753,biomass,Biomass = 0.7 MW,Wood/Wood Waste Biomass,1.4,0.7,0.0,0.7,0.0,0.0,0.0,0.0,0.0,0.0,0.0,0.0,0.0,0.0,"EIA-860, EIA-860M and EIA-923",202305,-73.176944,44.0075
2021-04,57804,Middlebury College,NG,Natural Gas,VT,Vermont,ALL,5096,MMBtu per Mcf,5096,71.79,74.01,332,Mcf,332,1,MMBtu per Mcf,MMBtu,megawatthours,megawatthours,MMBtu,-73.1769439999999,44.0075000000001,4913,16810,57804,Middlebury College,57123,Middlebury College Biomass,Commercial CHP,84 South Service Road,Middlebury,Addison,Vermont,5753,biomass,Biomass = 0.7 MW,Wood/Wood Waste Biomass,1.4,0.7,0.0,0.7,0.0,0.0,0.0,0.0,0.0,0.0,0.0,0.0,0.0,0.0,"EIA-860, EIA-860M and EIA-923",202305,-73.176944,44.0075
2020-03,57804,Middlebury College,NG,Natural Gas,VT,Vermont,ALL,4641,MMBtu per Mcf,4641,60.34,62.2,279,Mcf,279,1,MMBtu per Mcf,MMBtu,megawatthours,megawatthours,MMBtu,-73.1769439999999,44.0075000000001,4913,16810,57804,Middlebury College,57123,Middlebury College Biomass,Commercial CHP,84 South Service Road,Middlebury,Addison,Vermont,5753,biomass,Biomass = 0.7 MW,Wood/Wood Waste Biomass,1.4,0.7,0.0,0.7,0.0,0.0,0.0,0.0,0.0,0.0,0.0,0.0,0.0,0.0,"EIA-860, EIA-860M and EIA-923",202305,-73.176944,44.0075
2019-03,57804,Middlebury College,NG,Natural Gas,VT,Vermont,ALL,9616,MMBtu per Mcf,9616,120.51,124.23,558,Mcf,558,1,MMBtu per Mcf,MMBtu,megawatthours,megawatthours,MMBtu,-73.1769439999999,44.0075000000001,4913,16810,57804,Middlebury College,57123,Middlebury College Biomass,Commercial CHP,84 South Service Road,Middlebury,Addison,Vermont,5753,biomass,Biomass = 0.7 MW,Wood/Wood Waste Biomass,1.4,0.7,0.0,0.7,0.0,0.0,0.0,0.0,0.0,0.0,0.0,0.0,0.0,0.0,"EIA-860, EIA-860M and EIA-923",202305,-73.176944,44.0075
2019-08,57804,Middlebury College,NG,Natural Gas,VT,Vermont,ALL,7685,MMBtu per Mcf,7685,96.33,99.31,446,Mcf,446,1,MMBtu per Mcf,MMBtu,megawatthours,megawatthours,MMBtu,-73.1769439999999,44.0075000000001,4913,16810,57804,Middlebury College,57123,Middlebury College Biomass,Commercial CHP,84 South Service Road,Middlebury,Addison,Vermont,5753,biomass,Biomass = 0.7 MW,Wood/Wood Waste Biomass,1.4,0.7,0.0,0.7,0.0,0.0,0.0,0.0,0.0,0.0,0.0,0.0,0.0,0.0,"EIA-860, EIA-860M and EIA-923",202305,-73.176944,44.0075
2021-10,57804,Middlebury College,NG,Natural Gas,VT,Vermont,ALL,1275,MMBtu per Mcf,1275,16.29,16.79,75,Mcf,75,1,MMBtu per Mcf,MMBtu,megawatthours,megawatthours,MMBtu,-73.1769439999999,44.0075000000001,4913,16810,57804,Middlebury College,57123,Middlebury College Biomass,Commercial CHP,84 South Service Road,Middlebury,Addison,Vermont,5753,biomass,Biomass = 0.7 MW,Wood/Wood Waste Biomass,1.4,0.7,0.0,0.7,0.0,0.0,0.0,0.0,0.0,0.0,0.0,0.0,0.0,0.0,"EIA-860, EIA-860M and EIA-923",202305,-73.176944,44.0075
2023-03,57804,Middlebury College,NG,Natural Gas,VT,Vermont,ALL,22534,MMBtu per Mcf,22534,258.99,267,1199,Mcf,1199,1,MMBtu per Mcf,MMBtu,megawatthours,megawatthours,MMBtu,-73.1769439999999,44.0075000000001,4913,16810,57804,Middlebury College,57123,Middlebury College Biomass,Commercial CHP,84 South Service Road,Middlebury,Addison,Vermont,5753,biomass,Biomass = 0.7 MW,Wood/Wood Waste Biomass,1.4,0.7,0.0,0.7,0.0,0.0,0.0,0.0,0.0,0.0,0.0,0.0,0.0,0.0,"EIA-860, EIA-860M and EIA-923",202305,-73.176944,44.0075
2023-04,57804,Middlebury College,NG,Natural Gas,VT,Vermont,ALL,7803,MMBtu per Mcf,7803,75.65,77.98,350,Mcf,350,1,MMBtu per Mcf,MMBtu,megawatthours,megawatthours,MMBtu,-73.1769439999999,44.0075000000001,4913,16810,57804,Middlebury College,57123,Middlebury College Biomass,Commercial CHP,84 South Service Road,Middlebury,Addison,Vermont,5753,biomass,Biomass = 0.7 MW,Wood/Wood Waste Biomass,1.4,0.7,0.0,0.7,0.0,0.0,0.0,0.0,0.0,0.0,0.0,0.0,0.0,0.0,"EIA-860, EIA-860M and EIA-923",202305,-73.176944,44.0075
2019-07,57804,Middlebury College,NG,Natural Gas,VT,Vermont,ALL,5948,MMBtu per Mcf,5948,86.26,88.92,399,Mcf,399,1,MMBtu per Mcf,MMBtu,megawatthours,megawatthours,MMBtu,-73.1769439999999,44.0075000000001,4913,16810,57804,Middlebury College,57123,Middlebury College Biomass,Commercial CHP,84 South Service Road,Middlebury,Addison,Vermont,5753,biomass,Biomass = 0.7 MW,Wood/Wood Waste Biomass,1.4,0.7,0.0,0.7,0.0,0.0,0.0,0.0,0.0,0.0,0.0,0.0,0.0,0.0,"EIA-860, EIA-860M and EIA-923",202305,-73.176944,44.0075
2020-11,589,J C McNeil,NG,Natural Gas,VT,Vermont,ALL,769,MMBtu per Mcf,797,52.43,58.35,769,Mcf,797,1.037,MMBtu per Mcf,MMBtu,megawatthours,megawatthours,MMBtu,-73.2080559999999,44.4917,1549,11918,589,J C McNeil,2548,City of Burlington Electric - (VT),Electric Utility,111 Intervale Road,Burlington,Chittenden,Vermont,5401,biomass,Biomass = 52 MW,Wood/Wood Waste Biomass,59.5,52.0,0.0,52.0,0.0,0.0,0.0,0.0,0.0,0.0,0.0,0.0,0.0,0.0,"EIA-860, EIA-860M and EIA-923",202305,-73.208056,44.4917
2021-08,589,J C McNeil,NG,Natural Gas,VT,Vermont,ALL,960,MMBtu per Mcf,996,66.74,74.35,960,Mcf,996,1.037,MMBtu per Mcf,MMBtu,megawatthours,megawatthours,MMBtu,-73.2080559999999,44.4917,1549,11918,589,J C McNeil,2548,City of Burlington Electric - (VT),Electric Utility,111 Intervale Road,Burlington,Chittenden,Vermont,5401,biomass,Biomass = 52 MW,Wood/Wood Waste Biomass,59.5,52.0,0.0,52.0,0.0,0.0,0.0,0.0,0.0,0.0,0.0,0.0,0.0,0.0,"EIA-860, EIA-860M and EIA-923",202305,-73.208056,44.4917
2019-10,589,J C McNeil,NG,Natural Gas,VT,Vermont,ALL,1505,MMBtu per Mcf,1550,100.86,112.51,1505,Mcf,1550,1.03,MMBtu per Mcf,MMBtu,megawatthours,megawatthours,MMBtu,-73.2080559999999,44.4917,1549,11918,589,J C McNeil,2548,City of Burlington Electric - (VT),Electric Utility,111 Intervale Road,Burlington,Chittenden,Vermont,5401,biomass,Biomass = 52 MW,Wood/Wood Waste Biomass,59.5,52.0,0.0,52.0,0.0,0.0,0.0,0.0,0.0,0.0,0.0,0.0,0.0,0.0,"EIA-860, EIA-860M and EIA-923",202305,-73.208056,44.4917
2022-11,589,J C McNeil,NG,Natural Gas,VT,Vermont,ALL,1729,MMBtu per Mcf,1798,123.79,137.22,1729,Mcf,1798,1.04,MMBtu per Mcf,MMBtu,megawatthours,megawatthours,MMBtu,-73.2080559999999,44.4917,1549,11918,589,J C McNeil,2548,City of Burlington Electric - (VT),Electric Utility,111 Intervale Road,Burlington,Chittenden,Vermont,5401,biomass,Biomass = 52 MW,Wood/Wood Waste Biomass,59.5,52.0,0.0,52.0,0.0,0.0,0.0,0.0,0.0,0.0,0.0,0.0,0.0,0.0,"EIA-860, EIA-860M and EIA-923",202305,-73.208056,44.4917
2020-02,589,J C McNeil,NG,Natural Gas,VT,Vermont,ALL,1547,MMBtu per Mcf,1621,106.12,118.23,1547,Mcf,1621,1.048,MMBtu per Mcf,MMBtu,megawatthours,megawatthours,MMBtu,-73.2080559999999,44.4917,1549,11918,589,J C McNeil,2548,City of Burlington Electric - (VT),Electric Utility,111 Intervale Road,Burlington,Chittenden,Vermont,5401,biomass,Biomass = 52 MW,Wood/Wood Waste Biomass,59.5,52.0,0.0,52.0,0.0,0.0,0.0,0.0,0.0,0.0,0.0,0.0,0.0,0.0,"EIA-860, EIA-860M and EIA-923",202305,-73.208056,44.4917
2020-10,589,J C McNeil,NG,Natural Gas,VT,Vermont,ALL,1379,MMBtu per Mcf,1426,93.93,103.94,1379,Mcf,1426,1.034,MMBtu per Mcf,MMBtu,megawatthours,megawatthours,MMBtu,-73.2080559999999,44.4917,1549,11918,589,J C McNeil,2548,City of Burlington Electric - (VT),Electric Utility,111 Intervale Road,Burlington,Chittenden,Vermont,5401,biomass,Biomass = 52 MW,Wood/Wood Waste Biomass,59.5,52.0,0.0,52.0,0.0,0.0,0.0,0.0,0.0,0.0,0.0,0.0,0.0,0.0,"EIA-860, EIA-860M and EIA-923",202305,-73.208056,44.4917
2019-12,589,J C McNeil,NG,Natural Gas,VT,Vermont,ALL,1084,MMBtu per Mcf,1138,74.59,83.48,1084,Mcf,1138,1.05,MMBtu per Mcf,MMBtu,megawatthours,megawatthours,MMBtu,-73.2080559999999,44.4917,1549,11918,589,J C McNeil,2548,City of Burlington Electric - (VT),Electric Utility,111 Intervale Road,Burlington,Chittenden,Vermont,5401,biomass,Biomass = 52 MW,Wood/Wood Waste Biomass,59.5,52.0,0.0,52.0,0.0,0.0,0.0,0.0,0.0,0.0,0.0,0.0,0.0,0.0,"EIA-860, EIA-860M and EIA-923",202305,-73.208056,44.4917
2021-05,589,J C McNeil,NG,Natural Gas,VT,Vermont,ALL,1200,MMBtu per Mcf,1244,83.97,93.96,1200,Mcf,1244,1.037,MMBtu per Mcf,MMBtu,megawatthours,megawatthours,MMBtu,-73.2080559999999,44.4917,1549,11918,589,J C McNeil,2548,City of Burlington Electric - (VT),Electric Utility,111 Intervale Road,Burlington,Chittenden,Vermont,5401,biomass,Biomass = 52 MW,Wood/Wood Waste Biomass,59.5,52.0,0.0,52.0,0.0,0.0,0.0,0.0,0.0,0.0,0.0,0.0,0.0,0.0,"EIA-860, EIA-860M and EIA-923",202305,-73.208056,44.4917
2020-04,589,J C McNeil,NG,Natural Gas,VT,Vermont,ALL,555,MMBtu per Mcf,578,35.92,39.86,555,Mcf,578,1.041,MMBtu per Mcf,MMBtu,megawatthours,megawatthours,MMBtu,-73.2080559999999,44.4917,1549,11918,589,J C McNeil,2548,City of Burlington Electric - (VT),Electric Utility,111 Intervale Road,Burlington,Chittenden,Vermont,5401,biomass,Biomass = 52 MW,Wood/Wood Waste Biomass,59.5,52.0,0.0,52.0,0.0,0.0,0.0,0.0,0.0,0.0,0.0,0.0,0.0,0.0,"EIA-860, EIA-860M and EIA-923",202305,-73.208056,44.4917
2022-10,589,J C McNeil,NG,Natural Gas,VT,Vermont,ALL,0,MMBtu per Mcf,0,0,0,0,Mcf,0,0,MMBtu per Mcf,MMBtu,megawatthours,megawatthours,MMBtu,-73.2080559999999,44.4917,1549,11918,589,J C McNeil,2548,City of Burlington Electric - (VT),Electric Utility,111 Intervale Road,Burlington,Chittenden,Vermont,5401,biomass,Biomass = 52 MW,Wood/Wood Waste Biomass,59.5,52.0,0.0,52.0,0.0,0.0,0.0,0.0,0.0,0.0,0.0,0.0,0.0,0.0,"EIA-860, EIA-860M and EIA-923",202305,-73.208056,44.4917
2020-07,589,J C McNeil,NG,Natural Gas,VT,Vermont,ALL,1013,MMBtu per Mcf,1043,67.13,74.97,1013,Mcf,1043,1.03,MMBtu per Mcf,MMBtu,megawatthours,megawatthours,MMBtu,-73.2080559999999,44.4917,1549,11918,589,J C McNeil,2548,City of Burlington Electric - (VT),Electric Utility,111 Intervale Road,Burlington,Chittenden,Vermont,5401,biomass,Biomass = 52 MW,Wood/Wood Waste Biomass,59.5,52.0,0.0,52.0,0.0,0.0,0.0,0.0,0.0,0.0,0.0,0.0,0.0,0.0,"EIA-860, EIA-860M and EIA-923",202305,-73.208056,44.4917
2019-03,589,J C McNeil,NG,Natural Gas,VT,Vermont,ALL,2075,MMBtu per Mcf,2152,136.66,152.57,2075,Mcf,2152,1.037,MMBtu per Mcf,MMBtu,megawatthours,megawatthours,MMBtu,-73.2080559999999,44.4917,1549,11918,589,J C McNeil,2548,City of Burlington Electric - (VT),Electric Utility,111 Intervale Road,Burlington,Chittenden,Vermont,5401,biomass,Biomass = 52 MW,Wood/Wood Waste Biomass,59.5,52.0,0.0,52.0,0.0,0.0,0.0,0.0,0.0,0.0,0.0,0.0,0.0,0.0,"EIA-860, EIA-860M and EIA-923",202305,-73.208056,44.4917
2020-09,589,J C McNeil,NG,Natural Gas,VT,Vermont,ALL,577,MMBtu per Mcf,599,0,0,577,Mcf,599,1.038,MMBtu per Mcf,MMBtu,megawatthours,megawatthours,MMBtu,-73.2080559999999,44.4917,1549,11918,589,J C McNeil,2548,City of Burlington Electric - (VT),Electric Utility,111 Intervale Road,Burlington,Chittenden,Vermont,5401,biomass,Biomass = 52 MW,Wood/Wood Waste Biomass,59.5,52.0,0.0,52.0,0.0,0.0,0.0,0.0,0.0,0.0,0.0,0.0,0.0,0.0,"EIA-860, EIA-860M and EIA-923",202305,-73.208056,44.4917
2020-03,589,J C McNeil,NG,Natural Gas,VT,Vermont,ALL,635,MMBtu per Mcf,660,43.22,48.31,635,Mcf,660,1.04,MMBtu per Mcf,MMBtu,megawatthours,megawatthours,MMBtu,-73.2080559999999,44.4917,1549,11918,589,J C McNeil,2548,City of Burlington Electric - (VT),Electric Utility,111 Intervale Road,Burlington,Chittenden,Vermont,5401,biomass,Biomass = 52 MW,Wood/Wood Waste Biomass,59.5,52.0,0.0,52.0,0.0,0.0,0.0,0.0,0.0,0.0,0.0,0.0,0.0,0.0,"EIA-860, EIA-860M and EIA-923",202305,-73.208056,44.4917
2020-12,589,J C McNeil,NG,Natural Gas,VT,Vermont,ALL,994,MMBtu per Mcf,1041,68.25,75.81,994,Mcf,1041,1.047,MMBtu per Mcf,MMBtu,megawatthours,megawatthours,MMBtu,-73.2080559999999,44.4917,1549,11918,589,J C McNeil,2548,City of Burlington Electric - (VT),Electric Utility,111 Intervale Road,Burlington,Chittenden,Vermont,5401,biomass,Biomass = 52 MW,Wood/Wood Waste Biomass,59.5,52.0,0.0,52.0,0.0,0.0,0.0,0.0,0.0,0.0,0.0,0.0,0.0,0.0,"EIA-860, EIA-860M and EIA-923",202305,-73.208056,44.4917
2022-06,589,J C McNeil,NG,Natural Gas,VT,Vermont,ALL,629,MMBtu per Mcf,653,43.14,48.3,629,Mcf,653,1.038,MMBtu per Mcf,MMBtu,megawatthours,megawatthours,MMBtu,-73.2080559999999,44.4917,1549,11918,589,J C McNeil,2548,City of Burlington Electric - (VT),Electric Utility,111 Intervale Road,Burlington,Chittenden,Vermont,5401,biomass,Biomass = 52 MW,Wood/Wood Waste Biomass,59.5,52.0,0.0,52.0,0.0,0.0,0.0,0.0,0.0,0.0,0.0,0.0,0.0,0.0,"EIA-860, EIA-860M and EIA-923",202305,-73.208056,44.4917
2023-06,589,J C McNeil,NG,Natural Gas,VT,Vermont,ALL,0,MMBtu per Mcf,0,0,0,0,Mcf,0,0,MMBtu per Mcf,MMBtu,megawatthours,megawatthours,MMBtu,-73.2080559999999,44.4917,1549,11918,589,J C McNeil,2548,City of Burlington Electric - (VT),Electric Utility,111 Intervale Road,Burlington,Chittenden,Vermont,5401,biomass,Biomass = 52 MW,Wood/Wood Waste Biomass,59.5,52.0,0.0,52.0,0.0,0.0,0.0,0.0,0.0,0.0,0.0,0.0,0.0,0.0,"EIA-860, EIA-860M and EIA-923",202305,-73.208056,44.4917
2023-02,589,J C McNeil,NG,Natural Gas,VT,Vermont,ALL,0,MMBtu per Mcf,0,0,0,0,Mcf,0,0,MMBtu per Mcf,MMBtu,megawatthours,megawatthours,MMBtu,-73.2080559999999,44.4917,1549,11918,589,J C McNeil,2548,City of Burlington Electric - (VT),Electric Utility,111 Intervale Road,Burlington,Chittenden,Vermont,5401,biomass,Biomass = 52 MW,Wood/Wood Waste Biomass,59.5,52.0,0.0,52.0,0.0,0.0,0.0,0.0,0.0,0.0,0.0,0.0,0.0,0.0,"EIA-860, EIA-860M and EIA-923",202305,-73.208056,44.4917
2023-08,589,J C McNeil,NG,Natural Gas,VT,Vermont,ALL,495,MMBtu per Mcf,517,35.32,39.54,495,Mcf,517,1.044,MMBtu per Mcf,MMBtu,megawatthours,megawatthours,MMBtu,-73.2080559999999,44.4917,1549,11918,589,J C McNeil,2548,City of Burlington Electric - (VT),Electric Utility,111 Intervale Road,Burlington,Chittenden,Vermont,5401,biomass,Biomass = 52 MW,Wood/Wood Waste Biomass,59.5,52.0,0.0,52.0,0.0,0.0,0.0,0.0,0.0,0.0,0.0,0.0,0.0,0.0,"EIA-860, EIA-860M and EIA-923",202305,-73.208056,44.4917
2022-07,589,J C McNeil,NG,Natural Gas,VT,Vermont,ALL,0,MMBtu per Mcf,0,0,0,0,Mcf,0,0,MMBtu per Mcf,MMBtu,megawatthours,megawatthours,MMBtu,-73.2080559999999,44.4917,1549,11918,589,J C McNeil,2548,City of Burlington Electric - (VT),Electric Utility,111 Intervale Road,Burlington,Chittenden,Vermont,5401,biomass,Biomass = 52 MW,Wood/Wood Waste Biomass,59.5,52.0,0.0,52.0,0.0,0.0,0.0,0.0,0.0,0.0,0.0,0.0,0.0,0.0,"EIA-860, EIA-860M and EIA-923",202305,-73.208056,44.4917
2022-01,589,J C McNeil,NG,Natural Gas,VT,Vermont,ALL,556,MMBtu per Mcf,583,39.45,43.91,556,Mcf,583,1.048,MMBtu per Mcf,MMBtu,megawatthours,megawatthours,MMBtu,-73.2080559999999,44.4917,1549,11918,589,J C McNeil,2548,City of Burlington Electric - (VT),Electric Utility,111 Intervale Road,Burlington,Chittenden,Vermont,5401,biomass,Biomass = 52 MW,Wood/Wood Waste Biomass,59.5,52.0,0.0,52.0,0.0,0.0,0.0,0.0,0.0,0.0,0.0,0.0,0.0,0.0,"EIA-860, EIA-860M and EIA-923",202305,-73.208056,44.4917
2021-01,589,J C McNeil,NG,Natural Gas,VT,Vermont,ALL,573,MMBtu per Mcf,601,39.1,43.65,573,Mcf,601,1.048,MMBtu per Mcf,MMBtu,megawatthours,megawatthours,MMBtu,-73.2080559999999,44.4917,1549,11918,589,J C McNeil,2548,City of Burlington Electric - (VT),Electric Utility,111 Intervale Road,Burlington,Chittenden,Vermont,5401,biomass,Biomass = 52 MW,Wood/Wood Waste Biomass,59.5,52.0,0.0,52.0,0.0,0.0,0.0,0.0,0.0,0.0,0.0,0.0,0.0,0.0,"EIA-860, EIA-860M and EIA-923",202305,-73.208056,44.4917
2019-09,589,J C McNeil,NG,Natural Gas,VT,Vermont,ALL,0,MMBtu per Mcf,0,0,0,0,Mcf,0,0,MMBtu per Mcf,MMBtu,megawatthours,megawatthours,MMBtu,-73.2080559999999,44.4917,1549,11918,589,J C McNeil,2548,City of Burlington Electric - (VT),Electric Utility,111 Intervale Road,Burlington,Chittenden,Vermont,5401,biomass,Biomass = 52 MW,Wood/Wood Waste Biomass,59.5,52.0,0.0,52.0,0.0,0.0,0.0,0.0,0.0,0.0,0.0,0.0,0.0,0.0,"EIA-860, EIA-860M and EIA-923",202305,-73.208056,44.4917
2019-07,589,J C McNeil,NG,Natural Gas,VT,Vermont,ALL,1823,MMBtu per Mcf,1881,122.35,136.82,1823,Mcf,1881,1.032,MMBtu per Mcf,MMBtu,megawatthours,megawatthours,MMBtu,-73.2080559999999,44.4917,1549,11918,589,J C McNeil,2548,City of Burlington Electric - (VT),Electric Utility,111 Intervale Road,Burlington,Chittenden,Vermont,5401,biomass,Biomass = 52 MW,Wood/Wood Waste Biomass,59.5,52.0,0.0,52.0,0.0,0.0,0.0,0.0,0.0,0.0,0.0,0.0,0.0,0.0,"EIA-860, EIA-860M and EIA-923",202305,-73.208056,44.4917
2019-01,589,J C McNeil,NG,Natural Gas,VT,Vermont,ALL,1110,MMBtu per Mcf,1154,75.07,84.01,1110,Mcf,1154,1.04,MMBtu per Mcf,MMBtu,megawatthours,megawatthours,MMBtu,-73.2080559999999,44.4917,1549,11918,589,J C McNeil,2548,City of Burlington Electric - (VT),Electric Utility,111 Intervale Road,Burlington,Chittenden,Vermont,5401,biomass,Biomass = 52 MW,Wood/Wood Waste Biomass,59.5,52.0,0.0,52.0,0.0,0.0,0.0,0.0,0.0,0.0,0.0,0.0,0.0,0.0,"EIA-860, EIA-860M and EIA-923",202305,-73.208056,44.4917
2021-09,589,J C McNeil,NG,Natural Gas,VT,Vermont,ALL,1118,MMBtu per Mcf,1169,78.47,87.37,1118,Mcf,1169,1.046,MMBtu per Mcf,MMBtu,megawatthours,megawatthours,MMBtu,-73.2080559999999,44.4917,1549,11918,589,J C McNeil,2548,City of Burlington Electric - (VT),Electric Utility,111 Intervale Road,Burlington,Chittenden,Vermont,5401,biomass,Biomass = 52 MW,Wood/Wood Waste Biomass,59.5,52.0,0.0,52.0,0.0,0.0,0.0,0.0,0.0,0.0,0.0,0.0,0.0,0.0,"EIA-860, EIA-860M and EIA-923",202305,-73.208056,44.4917
2020-08,589,J C McNeil,NG,Natural Gas,VT,Vermont,ALL,2299,MMBtu per Mcf,2379,152.38,170.71,2299,Mcf,2379,1.035,MMBtu per Mcf,MMBtu,megawatthours,megawatthours,MMBtu,-73.2080559999999,44.4917,1549,11918,589,J C McNeil,2548,City of Burlington Electric - (VT),Electric Utility,111 Intervale Road,Burlington,Chittenden,Vermont,5401,biomass,Biomass = 52 MW,Wood/Wood Waste Biomass,59.5,52.0,0.0,52.0,0.0,0.0,0.0,0.0,0.0,0.0,0.0,0.0,0.0,0.0,"EIA-860, EIA-860M and EIA-923",202305,-73.208056,44.4917
2020-05,589,J C McNeil,NG,Natural Gas,VT,Vermont,ALL,2327,MMBtu per Mcf,2408,155.97,174.2,2327,Mcf,2408,1.035,MMBtu per Mcf,MMBtu,megawatthours,megawatthours,MMBtu,-73.2080559999999,44.4917,1549,11918,589,J C McNeil,2548,City of Burlington Electric - (VT),Electric Utility,111 Intervale Road,Burlington,Chittenden,Vermont,5401,biomass,Biomass = 52 MW,Wood/Wood Waste Biomass,59.5,52.0,0.0,52.0,0.0,0.0,0.0,0.0,0.0,0.0,0.0,0.0,0.0,0.0,"EIA-860, EIA-860M and EIA-923",202305,-73.208056,44.4917
2023-07,589,J C McNeil,NG,Natural Gas,VT,Vermont,ALL,0,MMBtu per Mcf,0,0,0,0,Mcf,0,0,MMBtu per Mcf,MMBtu,megawatthours,megawatthours,MMBtu,-73.2080559999999,44.4917,1549,11918,589,J C McNeil,2548,City of Burlington Electric - (VT),Electric Utility,111 Intervale Road,Burlington,Chittenden,Vermont,5401,biomass,Biomass = 52 MW,Wood/Wood Waste Biomass,59.5,52.0,0.0,52.0,0.0,0.0,0.0,0.0,0.0,0.0,0.0,0.0,0.0,0.0,"EIA-860, EIA-860M and EIA-923",202305,-73.208056,44.4917
2022-02,589,J C McNeil,NG,Natural Gas,VT,Vermont,ALL,0,MMBtu per Mcf,0,0,0,0,Mcf,0,0,MMBtu per Mcf,MMBtu,megawatthours,megawatthours,MMBtu,-73.2080559999999,44.4917,1549,11918,589,J C McNeil,2548,City of Burlington Electric - (VT),Electric Utility,111 Intervale Road,Burlington,Chittenden,Vermont,5401,biomass,Biomass = 52 MW,Wood/Wood Waste Biomass,59.5,52.0,0.0,52.0,0.0,0.0,0.0,0.0,0.0,0.0,0.0,0.0,0.0,0.0,"EIA-860, EIA-860M and EIA-923",202305,-73.208056,44.4917
2022-05,589,J C McNeil,NG,Natural Gas,VT,Vermont,ALL,1199,MMBtu per Mcf,1253,82.34,91.82,1199,Mcf,1253,1.045,MMBtu per Mcf,MMBtu,megawatthours,megawatthours,MMBtu,-73.2080559999999,44.4917,1549,11918,589,J C McNeil,2548,City of Burlington Electric - (VT),Electric Utility,111 Intervale Road,Burlington,Chittenden,Vermont,5401,biomass,Biomass = 52 MW,Wood/Wood Waste Biomass,59.5,52.0,0.0,52.0,0.0,0.0,0.0,0.0,0.0,0.0,0.0,0.0,0.0,0.0,"EIA-860, EIA-860M and EIA-923",202305,-73.208056,44.4917
2021-10,589,J C McNeil,NG,Natural Gas,VT,Vermont,ALL,652,MMBtu per Mcf,683,46.36,51.28,652,Mcf,683,1.047,MMBtu per Mcf,MMBtu,megawatthours,megawatthours,MMBtu,-73.2080559999999,44.4917,1549,11918,589,J C McNeil,2548,City of Burlington Electric - (VT),Electric Utility,111 Intervale Road,Burlington,Chittenden,Vermont,5401,biomass,Biomass = 52 MW,Wood/Wood Waste Biomass,59.5,52.0,0.0,52.0,0.0,0.0,0.0,0.0,0.0,0.0,0.0,0.0,0.0,0.0,"EIA-860, EIA-860M and EIA-923",202305,-73.208056,44.4917
2021-11,589,J C McNeil,NG,Natural Gas,VT,Vermont,ALL,469,MMBtu per Mcf,488,33.26,36.82,469,Mcf,488,1.04,MMBtu per Mcf,MMBtu,megawatthours,megawatthours,MMBtu,-73.2080559999999,44.4917,1549,11918,589,J C McNeil,2548,City of Burlington Electric - (VT),Electric Utility,111 Intervale Road,Burlington,Chittenden,Vermont,5401,biomass,Biomass = 52 MW,Wood/Wood Waste Biomass,59.5,52.0,0.0,52.0,0.0,0.0,0.0,0.0,0.0,0.0,0.0,0.0,0.0,0.0,"EIA-860, EIA-860M and EIA-923",202305,-73.208056,44.4917
2019-04,589,J C McNeil,NG,Natural Gas,VT,Vermont,ALL,924,MMBtu per Mcf,955,62.21,70.3,924,Mcf,955,1.034,MMBtu per Mcf,MMBtu,megawatthours,megawatthours,MMBtu,-73.2080559999999,44.4917,1549,11918,589,J C McNeil,2548,City of Burlington Electric - (VT),Electric Utility,111 Intervale Road,Burlington,Chittenden,Vermont,5401,biomass,Biomass = 52 MW,Wood/Wood Waste Biomass,59.5,52.0,0.0,52.0,0.0,0.0,0.0,0.0,0.0,0.0,0.0,0.0,0.0,0.0,"EIA-860, EIA-860M and EIA-923",202305,-73.208056,44.4917
2021-07,589,J C McNeil,NG,Natural Gas,VT,Vermont,ALL,1005,MMBtu per Mcf,1035,69.93,77.71,1005,Mcf,1035,1.03,MMBtu per Mcf,MMBtu,megawatthours,megawatthours,MMBtu,-73.2080559999999,44.4917,1549,11918,589,J C McNeil,2548,City of Burlington Electric - (VT),Electric Utility,111 Intervale Road,Burlington,Chittenden,Vermont,5401,biomass,Biomass = 52 MW,Wood/Wood Waste Biomass,59.5,52.0,0.0,52.0,0.0,0.0,0.0,0.0,0.0,0.0,0.0,0.0,0.0,0.0,"EIA-860, EIA-860M and EIA-923",202305,-73.208056,44.4917
2019-08,589,J C McNeil,NG,Natural Gas,VT,Vermont,ALL,476,MMBtu per Mcf,490,31.75,35.37,476,Mcf,490,1.03,MMBtu per Mcf,MMBtu,megawatthours,megawatthours,MMBtu,-73.2080559999999,44.4917,1549,11918,589,J C McNeil,2548,City of Burlington Electric - (VT),Electric Utility,111 Intervale Road,Burlington,Chittenden,Vermont,5401,biomass,Biomass = 52 MW,Wood/Wood Waste Biomass,59.5,52.0,0.0,52.0,0.0,0.0,0.0,0.0,0.0,0.0,0.0,0.0,0.0,0.0,"EIA-860, EIA-860M and EIA-923",202305,-73.208056,44.4917
2021-12,589,J C McNeil,NG,Natural Gas,VT,Vermont,ALL,571,MMBtu per Mcf,599,40.4,44.99,571,Mcf,599,1.049,MMBtu per Mcf,MMBtu,megawatthours,megawatthours,MMBtu,-73.2080559999999,44.4917,1549,11918,589,J C McNeil,2548,City of Burlington Electric - (VT),Electric Utility,111 Intervale Road,Burlington,Chittenden,Vermont,5401,biomass,Biomass = 52 MW,Wood/Wood Waste Biomass,59.5,52.0,0.0,52.0,0.0,0.0,0.0,0.0,0.0,0.0,0.0,0.0,0.0,0.0,"EIA-860, EIA-860M and EIA-923",202305,-73.208056,44.4917
2021-04,589,J C McNeil,NG,Natural Gas,VT,Vermont,ALL,0,MMBtu per Mcf,0,0,0,0,Mcf,0,0,MMBtu per Mcf,MMBtu,megawatthours,megawatthours,MMBtu,-73.2080559999999,44.4917,1549,11918,589,J C McNeil,2548,City of Burlington Electric - (VT),Electric Utility,111 Intervale Road,Burlington,Chittenden,Vermont,5401,biomass,Biomass = 52 MW,Wood/Wood Waste Biomass,59.5,52.0,0.0,52.0,0.0,0.0,0.0,0.0,0.0,0.0,0.0,0.0,0.0,0.0,"EIA-860, EIA-860M and EIA-923",202305,-73.208056,44.4917
2019-11,589,J C McNeil,NG,Natural Gas,VT,Vermont,ALL,0,MMBtu per Mcf,0,0,0,0,Mcf,0,0,MMBtu per Mcf,MMBtu,megawatthours,megawatthours,MMBtu,-73.2080559999999,44.4917,1549,11918,589,J C McNeil,2548,City of Burlington Electric - (VT),Electric Utility,111 Intervale Road,Burlington,Chittenden,Vermont,5401,biomass,Biomass = 52 MW,Wood/Wood Waste Biomass,59.5,52.0,0.0,52.0,0.0,0.0,0.0,0.0,0.0,0.0,0.0,0.0,0.0,0.0,"EIA-860, EIA-860M and EIA-923",202305,-73.208056,44.4917
2019-06,589,J C McNeil,NG,Natural Gas,VT,Vermont,ALL,2895,MMBtu per Mcf,2991,151.76,156.79,2895,Mcf,2991,1.033,MMBtu per Mcf,MMBtu,megawatthours,megawatthours,MMBtu,-73.2080559999999,44.4917,1549,11918,589,J C McNeil,2548,City of Burlington Electric - (VT),Electric Utility,111 Intervale Road,Burlington,Chittenden,Vermont,5401,biomass,Biomass = 52 MW,Wood/Wood Waste Biomass,59.5,52.0,0.0,52.0,0.0,0.0,0.0,0.0,0.0,0.0,0.0,0.0,0.0,0.0,"EIA-860, EIA-860M and EIA-923",202305,-73.208056,44.4917
2022-09,589,J C McNeil,NG,Natural Gas,VT,Vermont,ALL,0,MMBtu per Mcf,0,0,0,0,Mcf,0,0,MMBtu per Mcf,MMBtu,megawatthours,megawatthours,MMBtu,-73.2080559999999,44.4917,1549,11918,589,J C McNeil,2548,City of Burlington Electric - (VT),Electric Utility,111 Intervale Road,Burlington,Chittenden,Vermont,5401,biomass,Biomass = 52 MW,Wood/Wood Waste Biomass,59.5,52.0,0.0,52.0,0.0,0.0,0.0,0.0,0.0,0.0,0.0,0.0,0.0,0.0,"EIA-860, EIA-860M and EIA-923",202305,-73.208056,44.4917
2022-04,589,J C McNeil,NG,Natural Gas,VT,Vermont,ALL,0,MMBtu per Mcf,0,0,0,0,Mcf,0,0,MMBtu per Mcf,MMBtu,megawatthours,megawatthours,MMBtu,-73.2080559999999,44.4917,1549,11918,589,J C McNeil,2548,City of Burlington Electric - (VT),Electric Utility,111 Intervale Road,Burlington,Chittenden,Vermont,5401,biomass,Biomass = 52 MW,Wood/Wood Waste Biomass,59.5,52.0,0.0,52.0,0.0,0.0,0.0,0.0,0.0,0.0,0.0,0.0,0.0,0.0,"EIA-860, EIA-860M and EIA-923",202305,-73.208056,44.4917
2021-03,589,J C McNeil,NG,Natural Gas,VT,Vermont,ALL,0,MMBtu per Mcf,0,0,0,0,Mcf,0,0,MMBtu per Mcf,MMBtu,megawatthours,megawatthours,MMBtu,-73.2080559999999,44.4917,1549,11918,589,J C McNeil,2548,City of Burlington Electric - (VT),Electric Utility,111 Intervale Road,Burlington,Chittenden,Vermont,5401,biomass,Biomass = 52 MW,Wood/Wood Waste Biomass,59.5,52.0,0.0,52.0,0.0,0.0,0.0,0.0,0.0,0.0,0.0,0.0,0.0,0.0,"EIA-860, EIA-860M and EIA-923",202305,-73.208056,44.4917
2021-06,589,J C McNeil,NG,Natural Gas,VT,Vermont,ALL,1367,MMBtu per Mcf,1419,95.35,105.98,1367,Mcf,1419,1.038,MMBtu per Mcf,MMBtu,megawatthours,megawatthours,MMBtu,-73.2080559999999,44.4917,1549,11918,589,J C McNeil,2548,City of Burlington Electric - (VT),Electric Utility,111 Intervale Road,Burlington,Chittenden,Vermont,5401,biomass,Biomass = 52 MW,Wood/Wood Waste Biomass,59.5,52.0,0.0,52.0,0.0,0.0,0.0,0.0,0.0,0.0,0.0,0.0,0.0,0.0,"EIA-860, EIA-860M and EIA-923",202305,-73.208056,44.4917
2023-09,589,J C McNeil,NG,Natural Gas,VT,Vermont,ALL,0,MMBtu per Mcf,0,0,0,0,Mcf,0,0,MMBtu per Mcf,MMBtu,megawatthours,megawatthours,MMBtu,-73.2080559999999,44.4917,1549,11918,589,J C McNeil,2548,City of Burlington Electric - (VT),Electric Utility,111 Intervale Road,Burlington,Chittenden,Vermont,5401,biomass,Biomass = 52 MW,Wood/Wood Waste Biomass,59.5,52.0,0.0,52.0,0.0,0.0,0.0,0.0,0.0,0.0,0.0,0.0,0.0,0.0,"EIA-860, EIA-860M and EIA-923",202305,-73.208056,44.4917
2022-12,589,J C McNeil,NG,Natural Gas,VT,Vermont,ALL,770,MMBtu per Mcf,807,55.94,62.03,770,Mcf,807,1.048,MMBtu per Mcf,MMBtu,megawatthours,megawatthours,MMBtu,-73.2080559999999,44.4917,1549,11918,589,J C McNeil,2548,City of Burlington Electric - (VT),Electric Utility,111 Intervale Road,Burlington,Chittenden,Vermont,5401,biomass,Biomass = 52 MW,Wood/Wood Waste Biomass,59.5,52.0,0.0,52.0,0.0,0.0,0.0,0.0,0.0,0.0,0.0,0.0,0.0,0.0,"EIA-860, EIA-860M and EIA-923",202305,-73.208056,44.4917
2022-03,589,J C McNeil,NG,Natural Gas,VT,Vermont,ALL,1765,MMBtu per Mcf,1843,124.59,139.63,1765,Mcf,1843,1.044,MMBtu per Mcf,MMBtu,megawatthours,megawatthours,MMBtu,-73.2080559999999,44.4917,1549,11918,589,J C McNeil,2548,City of Burlington Electric - (VT),Electric Utility,111 Intervale Road,Burlington,Chittenden,Vermont,5401,biomass,Biomass = 52 MW,Wood/Wood Waste Biomass,59.5,52.0,0.0,52.0,0.0,0.0,0.0,0.0,0.0,0.0,0.0,0.0,0.0,0.0,"EIA-860, EIA-860M and EIA-923",202305,-73.208056,44.4917
2023-04,589,J C McNeil,NG,Natural Gas,VT,Vermont,ALL,0,MMBtu per Mcf,0,0,0,0,Mcf,0,0,MMBtu per Mcf,MMBtu,megawatthours,megawatthours,MMBtu,-73.2080559999999,44.4917,1549,11918,589,J C McNeil,2548,City of Burlington Electric - (VT),Electric Utility,111 Intervale Road,Burlington,Chittenden,Vermont,5401,biomass,Biomass = 52 MW,Wood/Wood Waste Biomass,59.5,52.0,0.0,52.0,0.0,0.0,0.0,0.0,0.0,0.0,0.0,0.0,0.0,0.0,"EIA-860, EIA-860M and EIA-923",202305,-73.208056,44.4917
2020-01,589,J C McNeil,NG,Natural Gas,VT,Vermont,ALL,1328,MMBtu per Mcf,1394,91.38,102.05,1328,Mcf,1394,1.05,MMBtu per Mcf,MMBtu,megawatthours,megawatthours,MMBtu,-73.2080559999999,44.4917,1549,11918,589,J C McNeil,2548,City of Burlington Electric - (VT),Electric Utility,111 Intervale Road,Burlington,Chittenden,Vermont,5401,biomass,Biomass = 52 MW,Wood/Wood Waste Biomass,59.5,52.0,0.0,52.0,0.0,0.0,0.0,0.0,0.0,0.0,0.0,0.0,0.0,0.0,"EIA-860, EIA-860M and EIA-923",202305,-73.208056,44.4917
2019-02,589,J C McNeil,NG,Natural Gas,VT,Vermont,ALL,509,MMBtu per Mcf,529,34.22,38.2,509,Mcf,529,1.04,MMBtu per Mcf,MMBtu,megawatthours,megawatthours,MMBtu,-73.2080559999999,44.4917,1549,11918,589,J C McNeil,2548,City of Burlington Electric - (VT),Electric Utility,111 Intervale Road,Burlington,Chittenden,Vermont,5401,biomass,Biomass = 52 MW,Wood/Wood Waste Biomass,59.5,52.0,0.0,52.0,0.0,0.0,0.0,0.0,0.0,0.0,0.0,0.0,0.0,0.0,"EIA-860, EIA-860M and EIA-923",202305,-73.208056,44.4917
2022-08,589,J C McNeil,NG,Natural Gas,VT,Vermont,ALL,1490,MMBtu per Mcf,1550,109.8,121.95,1490,Mcf,1550,1.04,MMBtu per Mcf,MMBtu,megawatthours,megawatthours,MMBtu,-73.2080559999999,44.4917,1549,11918,589,J C McNeil,2548,City of Burlington Electric - (VT),Electric Utility,111 Intervale Road,Burlington,Chittenden,Vermont,5401,biomass,Biomass = 52 MW,Wood/Wood Waste Biomass,59.5,52.0,0.0,52.0,0.0,0.0,0.0,0.0,0.0,0.0,0.0,0.0,0.0,0.0,"EIA-860, EIA-860M and EIA-923",202305,-73.208056,44.4917
2021-02,589,J C McNeil,NG,Natural Gas,VT,Vermont,ALL,0,MMBtu per Mcf,0,0,0,0,Mcf,0,0,MMBtu per Mcf,MMBtu,megawatthours,megawatthours,MMBtu,-73.2080559999999,44.4917,1549,11918,589,J C McNeil,2548,City of Burlington Electric - (VT),Electric Utility,111 Intervale Road,Burlington,Chittenden,Vermont,5401,biomass,Biomass = 52 MW,Wood/Wood Waste Biomass,59.5,52.0,0.0,52.0,0.0,0.0,0.0,0.0,0.0,0.0,0.0,0.0,0.0,0.0,"EIA-860, EIA-860M and EIA-923",202305,-73.208056,44.4917
2023-03,589,J C McNeil,NG,Natural Gas,VT,Vermont,ALL,0,MMBtu per Mcf,0,0,0,0,Mcf,0,0,MMBtu per Mcf,MMBtu,megawatthours,megawatthours,MMBtu,-73.2080559999999,44.4917,1549,11918,589,J C McNeil,2548,City of Burlington Electric - (VT),Electric Utility,111 Intervale Road,Burlington,Chittenden,Vermont,5401,biomass,Biomass = 52 MW,Wood/Wood Waste Biomass,59.5,52.0,0.0,52.0,0.0,0.0,0.0,0.0,0.0,0.0,0.0,0.0,0.0,0.0,"EIA-860, EIA-860M and EIA-923",202305,-73.208056,44.4917
2023-01,589,J C McNeil,NG,Natural Gas,VT,Vermont,ALL,571,MMBtu per Mcf,596,40.84,45.46,571,Mcf,596,1.044,MMBtu per Mcf,MMBtu,megawatthours,megawatthours,MMBtu,-73.2080559999999,44.4917,1549,11918,589,J C McNeil,2548,City of Burlington Electric - (VT),Electric Utility,111 Intervale Road,Burlington,Chittenden,Vermont,5401,biomass,Biomass = 52 MW,Wood/Wood Waste Biomass,59.5,52.0,0.0,52.0,0.0,0.0,0.0,0.0,0.0,0.0,0.0,0.0,0.0,0.0,"EIA-860, EIA-860M and EIA-923",202305,-73.208056,44.4917
2020-06,589,J C McNeil,NG,Natural Gas,VT,Vermont,ALL,770,MMBtu per Mcf,795,52.07,58.34,770,Mcf,795,1.033,MMBtu per Mcf,MMBtu,megawatthours,megawatthours,MMBtu,-73.2080559999999,44.4917,1549,11918,589,J C McNeil,2548,City of Burlington Electric - (VT),Electric Utility,111 Intervale Road,Burlington,Chittenden,Vermont,5401,biomass,Biomass = 52 MW,Wood/Wood Waste Biomass,59.5,52.0,0.0,52.0,0.0,0.0,0.0,0.0,0.0,0.0,0.0,0.0,0.0,0.0,"EIA-860, EIA-860M and EIA-923",202305,-73.208056,44.4917
2023-10,589,J C McNeil,NG,Natural Gas,VT,Vermont,ALL,0,MMBtu per Mcf,0,0,0,0,Mcf,0,0,MMBtu per Mcf,MMBtu,megawatthours,megawatthours,MMBtu,-73.2080559999999,44.4917,1549,11918,589,J C McNeil,2548,City of Burlington Electric - (VT),Electric Utility,111 Intervale Road,Burlington,Chittenden,Vermont,5401,biomass,Biomass = 52 MW,Wood/Wood Waste Biomass,59.5,52.0,0.0,52.0,0.0,0.0,0.0,0.0,0.0,0.0,0.0,0.0,0.0,0.0,"EIA-860, EIA-860M and EIA-923",202305,-73.208056,44.4917
2023-11,589,J C McNeil,NG,Natural Gas,VT,Vermont,ALL,1775,MMBtu per Mcf,1855,127.15,140.69,1775,Mcf,1855,1.045,MMBtu per Mcf,MMBtu,megawatthours,megawatthours,MMBtu,-73.2080559999999,44.4917,1549,11918,589,J C McNeil,2548,City of Burlington Electric - (VT),Electric Utility,111 Intervale Road,Burlington,Chittenden,Vermont,5401,biomass,Biomass = 52 MW,Wood/Wood Waste Biomass,59.5,52.0,0.0,52.0,0.0,0.0,0.0,0.0,0.0,0.0,0.0,0.0,0.0,0.0,"EIA-860, EIA-860M and EIA-923",202305,-73.208056,44.4917
2023-05,589,J C McNeil,NG,Natural Gas,VT,Vermont,ALL,538,MMBtu per Mcf,560,34,38.8,538,Mcf,560,1.04,MMBtu per Mcf,MMBtu,megawatthours,megawatthours,MMBtu,-73.2080559999999,44.4917,1549,11918,589,J C McNeil,2548,City of Burlington Electric - (VT),Electric Utility,111 Intervale Road,Burlington,Chittenden,Vermont,5401,biomass,Biomass = 52 MW,Wood/Wood Waste Biomass,59.5,52.0,0.0,52.0,0.0,0.0,0.0,0.0,0.0,0.0,0.0,0.0,0.0,0.0,"EIA-860, EIA-860M and EIA-923",202305,-73.208056,44.4917
2019-05,589,J C McNeil,NG,Natural Gas,VT,Vermont,ALL,0,MMBtu per Mcf,0,0,0,0,Mcf,0,0,MMBtu per Mcf,MMBtu,megawatthours,megawatthours,MMBtu,-73.2080559999999,44.4917,1549,11918,589,J C McNeil,2548,City of Burlington Electric - (VT),Electric Utility,111 Intervale Road,Burlington,Chittenden,Vermont,5401,biomass,Biomass = 52 MW,Wood/Wood Waste Biomass,59.5,52.0,0.0,52.0,0.0,0.0,0.0,0.0,0.0,0.0,0.0,0.0,0.0,0.0,"EIA-860, EIA-860M and EIA-923",202305,-73.208056,44.4917
